True_Value,Predicted_Value,Phenotype,Model,R
2.171428571,0.7579514517463799,Phenotype_WheatStem,PNNGS,0.740091296343257
0,0.6701989458031422,Phenotype_WheatStem,PNNGS,0.740091296343257
1.8,0.7609346377113498,Phenotype_WheatStem,PNNGS,0.740091296343257
2.54,0.8695725639347328,Phenotype_WheatStem,PNNGS,0.740091296343257
0,0.7570998470417439,Phenotype_WheatStem,PNNGS,0.740091296343257
