True_Value,Predicted_Value,Phenotype,Model,R
0.92222,0.1753045920383154,Phenotype_WheatHead,MLP,0.9315475238585198
0,0.1413648448399344,Phenotype_WheatHead,MLP,0.9315475238585198
0,0.14229775489780794,Phenotype_WheatHead,MLP,0.9315475238585198
2.30555,2.0766193690547974,Phenotype_WheatHead,MLP,0.9315475238585198
0,0,Phenotype_WheatHead,MLP,0.9315475238585198
