True_Value,Predicted_Value,Phenotype,Model,R
0,0.3255028153745643,Phenotype_MaizeStem,SVR,0.8928110051696309
0,0,Phenotype_MaizeStem,SVR,0.8928110051696309
0.7125,1.2343051025241911,Phenotype_MaizeStem,SVR,0.8928110051696309
0.733333333,1.2755884652242329,Phenotype_MaizeStem,SVR,0.8928110051696309
0.6175,0.5670964461291861,Phenotype_MaizeStem,SVR,0.8928110051696309
